id,dimension,title
1,г,абрикосовое варенье
2,г,абрикосовое пюре
3,г,абрикосовый джем
4,стакан,абрикосовый сок
5,г,абрикосы
6,г,абрикосы консервированные
7,по вкусу,авокадо
8,г,агава сироп
9,г,агар-агар
10,г,аграм
11,г,аджика
12,г,аджика зеленая
13,по вкусу,айва
14,г,айвовое пюре
15,г,айран
16,г,айсинг
17,г,акула стейки
18,стакан,алкоголь
19,ст. л.,алкоголь крепкий
20,г,алыча
21,шт.,альбухара
22,г,альмехи
23,г,амарантовая мука
24,г,ананасовый сироп
25,г,ананасовый сок
26,г,ананасы
27,г,ананасы вяленые
28,по вкусу,ананасы консервированные
29,по вкусу,анис
30,г,анис звездочки
31,мл,анисовый ликер
32,г,анис семена
33,г,анчоусы
34,г,апельсиновая вода
35,г,апельсиновая цедра
36,ч. л.,апельсиновая эссенция
37,г,апельсиновое варенье
38,г,апельсиновые цукаты
39,г,апельсиновый джем
40,г,апельсиновый джем с имбирем
41,г,апельсиновый ликер
42,стакан,апельсиновый сироп
43,по вкусу,апельсиновый сок
44,г,апельсиновый сок свежевыжатый
45,ст. л.,апельсиновый уксус
46,ч. л.,апельсиновый экстракт
47,г,апельсины
48,шт.,апельсины красные
49,шт.,апельсины крупные
50,г,арахис
51,г,арахис жареный
52,г,арахисовая паста
53,г,арахисовое масло
54,г,арахис соленый
55,г,арбузная мякоть
56,г,арбузы
57,г,аргановое масло
58,г,аришта
59,г,ароматизатор
60,по вкусу,"ароматизатор ""ананас"""
61,капля,"ароматизатор ""вишня"""
62,капля,"ароматизатор ""малина"""
63,г,"ароматизатор ""ром"""
64,г,артишоки
65,г,артишоки в масле
66,г,артишоки маринованные
67,шт.,аспирин
68,г,ассорти мясное
69,г,ассорти овощное
70,г,ассорти фруктовое
71,г,ассорти ягодное
72,г,аши
73,г,багет
74,г,багет вчерашний
75,г,багет мини
76,звездочка,бадан
77,щепотка,бадьян
78,г,базилик лимонный
79,г,базилик свежий
80,г,базилик сушеный
81,горсть,базилик тайский
82,г,базилик фиолетовый
83,по вкусу,баклажаны
84,г,баклажаны мини
85,г,баклажаны тайские
86,г,балык
87,г,бальзам
88,стакан,бальзамический крем
89,ст. л.,бальзамический соус
90,стакан,бальзамический уксус
91,ст. л.,бальзам рижский черный
92,г,бамия
93,г,банановое пюре
94,горсть,банановые чипсы
95,мл,банановый зеленый сироп
96,мл,банановый ликер
97,г,бананы
98,г,бананы мини
99,г,барабулька
100,г,бараний ливер
101,кусок,бараний окорок на косточке
102,г,бараний фарш
103,г,баранина
104,г,баранки
105,кг,бараньи антрекоты
106,шт.,бараньи голяшки
107,кг,бараньи потроха
108,шт.,бараньи ребрышки
109,кг,баранья лопатка
110,г,баранья нога
111,г,баранья печень
112,г,барбарис
113,ст. л.,барбарис вяленый
114,г,барбарис молотый
115,г,бастурма
116,г,батат
117,г,батон
118,г,батончики шоколадные
119,г,безе
120,по вкусу,бекон
121,г,бекон варено-копченый
122,г,бекон сырокопченый
123,г,белорыбица
124,мл,бирнель
125,пакет,бисквик смесь готовая
126,г,бисквит
127,г,бисквитная крошка
128,г,бисквитный корж
129,г,бисквитный рулет
130,г,бисквит шоколадный
131,шт.,бифштекс
132,г,блинная мука
133,г,блины готовые
134,шт.,блины овсяные
135,г,бобовые ростки
136,г,бобы
137,г,бобы мунг пророщенные
138,шт.,бобы тонка
139,г,ботарга
140,г,брезаола
141,г,бренди
142,г,брокколи замороженная
143,г,брокколи свежая
144,г,брусника замороженная
145,г,брусника свежая
146,г,брусника сушеная
147,г,брусничное варенье
148,г,брусничный соус
149,по вкусу,брынза
150,г,брынза сербская
151,г,брюква
152,г,буженина
153,ст. л.,бузина сироп
154,пучок,букет гарни
155,г,булгур
156,кусок,булка
157,г,булка белая
158,г,булка сдобная
159,г,булочки
160,г,булочки белые черствые
161,шт.,булочки бриошь
162,шт.,булочки вчерашние
163,шт.,булочки для гамбургеров
164,шт.,булочки зерновые
165,кусок,булочки ржаные
166,шт.,булочки с кунжутом
167,г,бульон
168,г,бульонные кубики
169,г,бурбон
170,г,Буррата
171,г,буряк
172,ч. л.,бусинки кондитерские
173,по вкусу,бусинки кондитерские серебряные
174,г,бычий хвост
175,г,ванилин
176,г,ваниль в стручках
177,ст. л.,ванильная настойка
178,г,ванильная эссенция
179,г,ванильный порошок
180,г,ванильный сироп
181,по вкусу,ванильный экстракт
182,г,варенье
183,г,васаби
184,г,вафельная крошка
185,г,вафельные коржи
186,г,вафельные трубочки
187,г,вафли
188,г,вафли шоколадные
189,г,вермишель
190,г,вермишель яичная
191,г,вермут
192,г,вермут белый
193,г,вермут сухой
194,г,ветчина
195,г,ветчина вареная
196,кусок,ветчина варено-копченая
197,г,ветчина копченая
198,г,ветчина пармская
199,г,ветчина сырокопченая
200,г,вешенки
201,г,винегрет
202,щепотка,винный камень
203,г,винный уксус
204,г,винный уксус белый
205,ч. л.,винный уксус красный
206,ч. л.,винный уксус на чесноке
207,ст. л.,винный уксус на эстрагоне
208,по вкусу,вино белое
209,г,вино белое полусладкое
210,г,вино белое полусухое
211,г,вино белое сладкое
212,стакан,вино белое столовое
213,г,вино белое сухое
214,г,виноград
215,г,виноград без косточек
216,г,виноград белый
217,кг,виноград изабелла
218,ст. л.,виноградное желе
219,г,виноградные листья
220,г,виноградные листья маринованные
221,шт.,виноградные листья молодые
222,г,виноградный сок
223,ч. л.,виноградный сок осветленный
224,г,виноград синий
225,г,виноград черный
226,г,вино десертное
227,г,вино игристое сухое
228,г,вино красное
229,г,вино красное полусладкое
230,г,вино красное полусухое
231,г,вино красное сладкое
232,г,вино красное сухое
233,г,вино крепленое
234,ст. л.,вино розовое полусладкое
235,г,вино розовое полусухое
236,г,виски
237,г,витамин C в порошке
238,мл,вишневая настойка
239,г,вишневое варенье
240,г,вишневые листья
241,г,вишневый джем
242,по вкусу,вишневый ликер
243,стакан,вишневый сироп
244,г,вишневый сок
245,г,вишня
246,г,вишня вяленая
247,г,вишня замороженная
248,шт.,вишня засахаренная кондитерская
249,г,вишня коктейльная
250,шт.,вишня мараскино
251,г,"вишня, протертая с сахаром"
252,г,вода
253,стакан,вода минеральная без газа
254,г,вода минеральная газированная
255,г,водка
256,ч. л.,водка анисовая
257,г,водоросли
258,г,вустерширский соус
259,долька,галангал корень
260,г,галеты
261,г,гамбургер
262,г,ганаш
263,г,гарам масала
264,г,гарнир
265,г,гаспачо
266,,гастропаб
267,г,гвоздика
268,по вкусу,гвоздика молотая
269,г,герань листья
270,г,геркулес
271,г,глазурь
272,г,глазурь белая
273,по вкусу,глазурь готовая
274,по вкусу,глазурь черная
275,г,глазурь шоколадная белая
276,г,глутамат натрия
277,г,глюкоза
278,г,глюкоза сироп
279,г,говядина
280,г,говядина на кости
281,по вкусу,говяжий фарш
282,г,говяжий язык
283,по вкусу,говяжье сердце
284,г,говяжьи бифштексы
285,г,говяжьи голяшки
286,г,говяжьи легкие
287,г,говяжьи ребра
288,г,говяжьи стейки рибай
289,шт.,говяжья вырезка
290,кг,говяжья грудинка
291,г,говяжья лопатка
292,шт.,говяжья мозговая кость
293,кг,говяжья мякоть
294,шт.,говяжья печень
295,г,говяжья черева
296,кг,говяжья шейка
297,г,годжи
298,шт.,голец филе
299,г,голубика
300,г,голубика замороженная
301,г,голубь
302,по вкусу,горбуша
303,банка,горбуша в собственном соку
304,г,горбуша филе
305,г,горгонзола
306,г,горгонзола пиканте
307,г,горох
308,г,горох колотый
309,горсть,гороховые ростки
310,г,гороховый суп
311,г,горошек зеленый
312,г,горошек зеленый замороженный
313,г,горошек зеленый консервированный
314,г,горошек стручковый свежий
315,г,горчица
316,г,горчица дижонская
317,г,горчица дижонская с медом
318,г,горчица желтая семена
319,г,горчица острая
320,ст. л.,горчица русская
321,г,горчица семена
322,г,горчица с зернами
323,г,горчица сухая
324,г,горчица французская
325,г,горчица цитрусовая
326,г,горчичное масло
327,г,горчичный порошок
328,ст. л.,грана падано
329,г,гранатные зерна
330,ст. л.,гранатовая паста
331,г,гранатовый сироп
332,г,гранатовый сок
333,мл,гранатовый сок свежевыжатый
334,ч. л.,гранатовый соус
335,г,гранаты
336,г,гранита
337,г,гранола с орехами
338,ч. л.,граппа
339,кг,гратен
340,г,грейпфрутовая цедра
341,г,грейпфрутовый сок
342,г,грейпфруты
343,г,грейпфруты розовые
344,г,гренадин
345,г,гренки
346,г,грецкие орехи
347,г,грецкие орехи рубленые
348,г,гречневая крупа
349,ст. л.,гречневая крупа зеленая
350,г,гречневая лапша соба
351,г,гречневая мука
352,стакан,гречневое молоко
353,г,гречневые хлопья
354,г,грибы
355,г,грибы белые
356,г,грибы белые замороженные
357,г,грибы белые маринованные
358,г,грибы белые сухие
359,г,грибы замороженные
360,г,грибы замороженные (опята и маслята)
361,г,грибы лесные
362,г,грибы маринованные
363,г,грибы свежие
364,г,грибы соленые
365,шт.,грибы соломенные консервированные
366,г,грибы сухие
367,г,грибы шиитаке
368,г,грибы шиитаке сухие
369,г,гриль
370,г,гриссини
371,г,грудинка
372,г,грудинка варено-копченая
373,по вкусу,грудинка копченая
374,г,грушевое пюре
375,мл,грушевый ликер
376,мл,грушевый сироп
377,г,грушевый сок
378,ст. л.,грушевый уксус
379,по вкусу,груши
380,г,груши вяленые
381,г,грюйер
382,шт.,гуава
383,г,гуанчиале
384,г,гурьевская каша
385,г,гусиная грудка копченая
386,г,гусиная печень
387,ст. л.,гусиный жир
388,г,гусь
389,кг,гусь тушка
390,г,дайкон
391,г,детское питание
392,г,джем
393,г,джин
394,г,джусай
395,г,диоксид титана
396,г,долма
397,шт.,дорада
398,шт.,дорада потрошеная с головой
399,шт.,дорада с головой
400,шт.,дорада тушка
401,г,драже
402,г,дрожжи домашние
403,г,дрожжи свежие
404,по вкусу,дрожжи сухие
405,г,дубовая кора
406,г,душица
407,г,дыня
408,г,ежевика
409,г,ежевика замороженная
410,г,ерш
411,шт.,ёрш-носарь
412,г,желатин
413,по вкусу,желатин листовой
414,г,желе
415,упаковка,желе для торта
416,упаковка,желирующее вещество
417,г,желирующий сахар
418,г,женьшень
419,г,жидкий дым
420,г,жимолость
421,г,жир
422,стакан,жир вытопленный
423,г,жир кулинарный
424,г,жир растительный
425,щепотка,заатар
426,г,завтрак сухой
427,г,завтрак сухой подушечки
428,г,загуститель для сливок
429,г,зайчатина
430,пакет,закваска
431,г,закваска вечная
432,по вкусу,заменитель сахара
433,г,заменитель сахара стевия
434,г,заправка для салатов готовая
435,по вкусу,зверобой
436,г,зелень
437,г,зелень рубленая
438,по вкусу,земляника
439,г,земляника замороженная
440,г,зефир
441,г,зира
442,г,злаковые хлопья
443,г,зубатка
444,г,зубатка филе
445,г,изолят соевого протеина
446,г,изюм
447,г,изюм без косточек
448,г,изюм белый
449,г,изюм черный
450,г,икра
451,г,икра вяленой рыбы
452,г,икра горбуши зернистая
453,г,икра красная
454,г,икра красной рыбы мелкая
455,г,икра летучей рыбы
456,г,икра лосося
457,г,икра мойвы
458,г,икра палтуса
459,г,икра судака
460,г,икра черная
461,г,имбирное варенье
462,по вкусу,имбирное печенье
463,ст. л.,имбирные цукаты
464,г,имбирь
465,г,имбирь засахаренный
466,г,имбирь корень
467,г,имбирь маринованный
468,г,имбирь молотый
469,г,индейка
470,г,индейка голень
471,г,индейка грудка
472,г,индейка копченая
473,шт.,индейка тушка
474,г,индейка фарш
475,г,индейка филе
476,шт.,индоутка
477,г,индюшачья печень
478,г,инжир
479,г,инжир свежий
480,г,инжир сушеный
481,г,ирга
482,г,ириски
483,г,итальянские травы
484,г,йогурт
485,г,йогурт греческий
486,г,йогурт жирный
487,г,йогурт козий
488,г,йогурт натуральный
489,г,йогурт нежирный
490,г,йогурт обезжиренный
491,г,йогурт фруктовый
492,г,кабачки
493,г,кабачки замороженные
494,г,кабачки молодые
495,ст. л.,каджунская смесь специй
496,горсть,какао
497,г,какао-бобы
498,г,какао-масло
499,по вкусу,какао-порошок
500,г,какао-порошок обезжиренный
501,банка,какао сгущенное
502,по вкусу,калина
503,г,калина протертая
504,ч. л.,калинджи семена
505,г,кальвадос
506,г,кальмары
507,г,кальмары вареные
508,г,кальмары замороженные
509,г,кальмары консервированные
510,шт.,кальмары филе
511,упаковка,камамбер
512,г,камбала
513,г,камбала филе
514,мл,кампари
515,ч. л.,кандурин золотой
516,г,каннеллони
517,г,капеллини
518,г,каперсы
519,г,каперсы в винном уксусе
520,г,каперсы маринованные
521,г,капуста белокочанная
522,г,капуста брюссельская
523,г,капуста брюссельская замороженная
524,г,капуста кале
525,по вкусу,капуста квашеная
526,г,капуста кольраби
527,г,капуста краснокочанная
528,по вкусу,капуста морская
529,г,капуста морская замороженная
530,г,капуста морская сушеная
531,г,капуста пекинская
532,г,капуста савойская
533,г,капуста цветная
534,г,капуста цветная замороженная
535,г,капустный рассол
536,г,капучино
537,г,каракатица
538,г,каракатица очищенная
539,г,карамбола
540,мл,карамель
541,г,карамельный соус
542,г,карамель с начинкой
543,г,карамель соленая
544,г,карась
545,г,карбонад
546,г,кардамон
547,ч. л.,кардамон зерна
548,г,кардамон молотый
549,шт.,кардамон стручки
550,г,каркаде
551,г,карп
552,кг,карп зеркальный
553,кг,карп филе
554,г,карри
555,г,карри листья
556,пакет,карри паста
557,г,картофель
558,г,картофель вареный
559,г,картофель вареный в мундире
560,г,картофель молодой
561,по вкусу,картофельное пюре
562,г,картофельные ньокки
563,г,картофельные хлопья
564,г,картофельные чипсы
565,г,картофельный крахмал
566,г,картофельный отвар
567,г,картофельный хэш замороженный
568,г,картофель печеный
569,г,катык
570,по вкусу,каффир-лайм листья
571,г,каша
572,г,каша для детского питания
573,г,каштановая мука
574,г,каштановый крем
575,г,каштаны
576,г,каштаны вареные
577,г,каштаны консервированные
578,г,каштаны очищенные
579,г,квас
580,г,квасное сусло
581,упаковка,квасной концентрат сухой
582,г,квас хлебный
583,г,кедровая мука
584,г,кедровые орехи
585,г,кедровые орехи жареные
586,г,кета
587,по вкусу,кетчуп острый
588,г,кетчуп томатный
589,ст. л.,кетчуп тосканский
590,г,кетчуп шашлычный
591,г,кефаль
592,по вкусу,кефир
593,г,кефир 1%
594,г,"кефир 2,5%"
595,г,"кефир 3,2%"
596,г,кефир обезжиренный
597,г,кешью
598,г,кивано
599,кг,киви
600,г,киви желе
601,г,кижуч
602,г,кижуч горячего копчения филе
603,г,кизил
604,г,килька
605,г,кимчи
606,зубчик,кинза свежая
607,г,кинза сушеная
608,г,киноа
609,г,киноа молотая
610,г,кипяток
611,ст. л.,кирш
612,г,кисель
613,г,кисель сухой
614,мл,кисломолочный напиток Тан
615,г,кишки
616,г,клейковина
617,г,клементины
618,г,кленовый сироп
619,г,клубника
620,г,клубника в сиропе
621,г,клубника замороженная
622,г,"клубника, протертая с сахаром"
623,г,клубника сушеная
624,г,клубничное варенье
625,упаковка,клубничное желе
626,г,клубничное пюре
627,г,клубничный джем
628,мл,клубничный джем густой
629,стакан,клубничный компот
630,г,клубничный ликер
631,г,клубничный сироп
632,г,клюква
633,г,клюква вяленая
634,г,клюква замороженная
635,г,"клюква, протертая с сахаром"
636,г,клюквенное варенье
637,г,клюквенный джем
638,ст. л.,клюквенный морс
639,г,клюквенный сироп
640,г,клюквенный соус
641,г,козлиная печень
642,кг,козлятина молодая
643,ст. л.,кока-кола
644,стакан,кокосовая вода
645,ст. л.,кокосовая мука
646,г,кокосовая стружка
647,г,кокосовая стружка цветная
648,мл,кокосовое масло
649,г,кокосовое молоко
650,г,кокосовые сливки
651,ст. л.,кокосовый ликер
652,г,кокосовый экстракт
653,г,кокосы
654,г,кола
655,г,колбаса
656,г,колбаса вареная
657,г,колбаса варено-копченая
658,г,колбаса копченая
659,г,колбаса кровяная
660,г,колбаса полукопченая
661,г,колбаса сырокопченая
662,шт.,колбаска свиная свежая (salsiccia)
663,г,колбаски
664,г,колбаски для жарки
665,шт.,колбаски домашние
666,г,колбаски охотничьи
667,шт.,колбаски сырокопченые
668,г,компот
669,ст. л.,конопляное масло
670,г,конопля семена
671,по вкусу,конфеты
672,г,конфеты M&M’s
673,г,конфеты жевательные лакричные
674,г,конфеты Коровка
675,г,конфеты Трюфель
676,по вкусу,конфитюр
677,упаковка,конфитюрка
678,г,коньяк
679,г,копчености
680,по вкусу,коренья
681,г,кориандр
682,г,кориандр зелень
683,г,кориандр молотый
684,г,кориандр семена
685,ст. л.,коринка
686,г,корица
687,г,корица молотая
688,г,корнишоны
689,г,корнишоны маринованые
690,г,корюшка
691,г,корюшка горячего копчения
692,г,кости
693,г,кости мозговые
694,г,кость сахарная
695,стакан,кофе в зернах
696,г,кофе зеленый
697,г,кофейные зерна в шоколаде
698,г,кофейный ликер
699,мл,кофейный ликер Kahlua
700,мл,кофейный напиток
701,г,кофейный сироп
702,мл,кофейный экстракт
703,ст. л.,кофе молотый
704,г,кофе растворимый
705,г,кофе свежесваренный
706,г,кофе черный
707,стакан,кофе эспрессо
708,г,крабовое мясо
709,по вкусу,крабовые палочки
710,по вкусу,краб снежный
711,г,крабы
712,г,крапива
713,шт.,краситель-гель пищевой
714,г,краситель пищевой
715,щепотка,краситель пищевой вишневый
716,г,краситель пищевой желтый
717,ст. л.,краситель пищевой зеленый
718,г,краситель пищевой красный
719,г,краситель пищевой оранжевый
720,г,краситель пищевой фиолетовый
721,г,краситель пищевой черный
722,г,красная смородина
723,ст. л.,"красная смородина, протертая с сахаром"
724,шт.,красноперка
725,г,красносмородиновое варенье
726,г,красный винный соус
727,г,крахмал
728,г,креветки
729,г,креветки замороженные
730,г,креветки королевские
731,г,креветки очищенные
732,г,креветки очищенные в рассоле
733,г,креветки салатные
734,г,креветки сушеные
735,г,креветки тигровые
736,г,крекер
737,г,крекер соленый
738,г,крем заварной
739,г,крем заварной порошковый
740,г,крем-фреш
741,г,кресс-салат
742,мл,кровь
743,г,кролик
744,г,кролик тушка
745,г,кролик филе
746,г,кроличья печень
747,по вкусу,круассаны
748,г,крутоны мелкие
749,г,крыжовник
750,банка,крыжовниковое варенье
751,г,кукуруза
752,г,кукуруза замороженная
753,г,кукуруза консервированная
754,г,кукуруза обжаренная кикос
755,г,кукурузная крупа
756,г,кукурузная мука
757,г,кукурузное масло
758,шт.,кукурузные лепешки
759,г,кукурузные палочки
760,г,кукурузные хлопья
761,г,кукурузные хлопья глазированные
762,г,кукурузные чипсы
763,г,кукурузный (золотой) сироп
764,по вкусу,кукурузный крахмал
765,г,кумин
766,горсть,кумкваты
767,г,кунжут
768,г,кунжутная мука
769,г,кунжутная паста
770,г,кунжутное масло
771,по вкусу,кунжутные семечки
772,ч. л.,кунжут черный
773,шт.,купаты
774,по вкусу,курага
775,г,курдючное сало
776,г,курдючный жир
777,г,куриная ветчина
778,г,куриная кожа
779,г,куриная печень
780,г,куриное карпаччо
781,г,куриное филе
782,г,куриные бедра
783,г,куриные голени
784,шт.,куриные голени копченые
785,г,куриные грудки
786,г,куриные грудки вареные
787,г,куриные грудки копченые
788,шт.,куриные желудочки
789,г,куриные кости
790,г,куриные крылья
791,г,куриные окорочка
792,г,куриные окорочка копченые
793,г,куриные потрошки
794,г,куриные сердечки
795,г,куриный бульон
796,г,куриный паштет
797,кг,куриный суповой набор
798,г,куриный фарш
799,г,курица
800,г,курица вареная
801,кг,курица для жарки
802,г,курица копченая
803,г,курица тушка
804,г,куркума
805,г,куропатки
806,г,кускус
807,стакан,кускус жемчужный
808,г,кэроб
809,г,лаванда
810,щепотка,лаванда сушеная
811,ч. л.,лавандовый краситель
812,по вкусу,лаваш
813,г,лаваш армянский
814,г,лаваш персидский круглый
815,пласт,лаваш тонкий
816,шт.,лавровые листья свежие
817,г,лавровый лист
818,г,лайм
819,шт.,лайм листья
820,г,лаймовая цедра
821,г,лаймовый сок
822,шт.,лангустины
823,г,лапша
824,упаковка,лапша для лагмана
825,г,лапша ширатаки
826,шт.,лапша яичная в гнездах
827,г,латук
828,г,легкие
829,г,лед
830,шт.,леди-фиш тушка
831,г,лемонграсс (лимонное сорго)
832,г,лен семена
833,г,лепешки
834,шт.,лепешки арабские
835,г,лесные орехи
836,г,лечо
837,г,ливер
838,г,ликер
839,г,ликер Alchermes
840,г,ликер Amaretto
841,г,ликер Baileys
842,г,ликер Cointreau
843,г,ликер кремовый
844,г,ликер сливочный
845,г,лимонад
846,г,лимонная кислота
847,г,лимонная цедра
848,г,лимонник стебель
849,г,лимонник ягоды
850,г,лимонные корочки засахаренные
851,г,лимонные цукаты
852,г,лимонный сок
853,г,лимонный уксус
854,г,лимонный экстракт
855,г,лимончелло
856,г,лимоны
857,,лимоны сушеные
858,шт.,лингвине
859,г,лисички
860,г,лисички сушеные
861,шт.,личи
862,г,личи компот
863,г,лобстер
864,г,лонган
865,шт.,лонгконг
866,г,лососевые молоки
867,г,лососевый фарш
868,г,лосось
869,г,лосось горячего копчения
870,г,лосось копченый
871,г,лосось свежесоленый
872,г,лосось свежий
873,г,лосось свежий филе
874,г,лосось слабосоленый
875,г,лосось стейки
876,г,лосось филе
877,г,лосось филе на коже
878,г,лосось холодного копчения
879,кг,лосятина
880,по вкусу,лук белый
881,г,лук зеленый
882,по вкусу,лук красный
883,г,лук маринованный
884,г,луковая шелуха
885,г,луковый порошок
886,горсть,лук-порей
887,по вкусу,лук-резанец
888,г,лук репчатый
889,г,лук репчатый мелкий
890,шт.,лук салатный
891,г,лук сушеный
892,г,лук-шалот
893,шт.,лук-шалот красный
894,г,льняная мука
895,ч. л.,льняное масло
896,г,льняное семя
897,г,льняное семя молотое
898,г,любисток
899,г,маасдам
900,г,мадера
901,г,майонез
902,г,майонез домашний
903,г,майонез легкий
904,г,майонезный соус «Слобода» Постный
905,г,майонез оливковый
906,г,майонез «Слобода» Легкий
907,г,майонез «Слобода» На перепелиных яйцах
908,г,майонез «Слобода» Оливковый
909,г,майонез «Слобода» Провансаль
910,г,майонез «Слобода» С лимонным соком
911,г,майонез «Слобода» Сметанный
912,г,майоран
913,по вкусу,майоран свежий
914,г,майоран сушеный
915,г,мак
916,г,макаронные изделия
917,г,макаронные изделия мелкие
918,г,макароны
919,г,макароны-бабочки (farfalle)
920,г,макароны-бабочки (farfalle) мини
921,г,макароны баветте
922,г,макароны-бантики
923,г,макароны букатини
924,г,макароны джильи
925,г,макароны диталони
926,стакан,макароны-звездочки
927,г,макароны орзо
928,г,макароны-ракушки (conchiglie)
929,г,макароны-ракушки (conchiglie rigate)
930,г,макароны-ракушки крупные
931,г,макароны рисони
932,г,макароны-рожки (pipe rigate)
933,г,макароны-спиральки (fusilli)
934,г,макароны-ушки (orecchiette)
935,г,маккерончини
936,г,мак молотый
937,пачка,маковая масса
938,г,малина
939,г,малина замороженная
940,стакан,"малина, протертая с сахаром"
941,г,малина сушеная
942,г,малиновое варенье
943,г,малиновое желе
944,г,малиновое пюре
945,г,малиновый джем
946,г,малиновый крем
947,ч. л.,малиновый сироп
948,ч. л.,малиновый соус
949,мл,малиновый уксус
950,г,малиновый чай
951,по вкусу,манго
952,мл,манговый сироп
953,г,манго консервированное
954,г,мангольд
955,шт.,мангустин
956,г,мандариновое пюре
957,г,мандариновые цукаты
958,г,мандариновый сок
959,по вкусу,мандарины
960,г,мандарины в собственном соку
961,г,манная крупа
962,г,маракуйя
963,г,маргарин
964,г,маргарин сливочный
965,по вкусу,мармелад
966,г,мармелад бутербродный
967,стакан,марсала
968,г,мартини
969,г,мартини красный
970,по вкусу,марципан
971,г,марципан зеленый
972,г,марципан розовый
973,г,маршмеллоу
974,г,маршмеллоу крем
975,г,маршмеллоу мини
976,г,маскарпоне
977,г,маслины
978,г,маслины без косточек
979,г,масло авокадо
980,г,масло виноградных косточек
981,ч. л.,масло грецкого ореха
982,г,масло для фритюра
983,г,масло кедрового ореха
984,г,маслята
985,г,мастика
986,г,мастика желатиновая
987,г,мастика шоколадная
988,г,матча
989,г,мафальдине
990,г,маца
991,г,мацони
992,г,маш
993,г,мед
994,г,мед акации
995,г,мед гречишный
996,г,мед жидкий
997,г,мед лавандовый
998,г,мелисса
999,шт.,меренги
1000,г,мидии
1001,г,мидии в раковинах
1002,г,мидии в раковинах крупные черные
1003,г,мидии в раковинах мелкие зеленые
1004,шт.,мидии замороженные
1005,г,мидии копченые в масле
1006,горсть,микрозелень
1007,г,миндаль
1008,г,миндаль жареный
1009,г,миндаль измельченный
1010,г,миндальная масса
1011,г,миндальная мука
1012,г,миндальная паста
1013,г,миндальная эссенция
1014,г,миндальное масло
1015,г,миндальное молоко
1016,г,миндальное печенье
1017,г,миндальное пралине
1018,г,миндальные лепестки
1019,г,миндальный ликер
1020,г,миндальный сироп
1021,капля,миндальный экстракт
1022,г,миндаль очищенный
1023,г,миндаль рубленый
1024,шт.,мини-кукуруза
1025,г,минога
1026,г,минтай
1027,г,минтай печень
1028,г,минтай филе
1029,г,мисо-паста
1030,пакет,мисо-суп
1031,г,можжевельник ягоды
1032,г,мойва
1033,г,моллюски
1034,г,молоко
1035,г,"молоко 0,5%"
1036,г,"молоко 1,5%"
1037,г,"молоко 2,5%"
1038,г,"молоко 3,2%"
1039,г,"молоко 3,6%"
1040,г,молоко 4%
1041,г,молоко 6%
1042,г,молоко козье
1043,г,молоко концентрированное
1044,мл,молоко рисовое
1045,г,молоко сгущенное
1046,ст. л.,молоко сгущенное вареное
1047,г,молоко сгущенное с какао
1048,г,молоко сухое
1049,ст. л.,молоко сухое обезжиренное
1050,г,молоко топленое
1051,г,молочная смесь
1052,г,молочные продукты
1053,шт.,морепродукты
1054,г,морковное пюре
1055,г,морковь
1056,г,морковь вареная
1057,г,морковь крупная
1058,г,морковь молодая
1059,г,морковь по-корейски
1060,шт.,морковь тертая
1061,по вкусу,мороженое
1062,г,мороженое ванильное
1063,г,мороженое клубничное
1064,по вкусу,мороженое лимонное
1065,г,мороженое малиновое
1066,г,мороженое пломбир
1067,мл,мороженое шоколадное
1068,г,морошка
1069,кг,морские гребешки
1070,г,морской коктейль
1071,упаковка,морской коктейль в масле
1072,г,морской коктейль замороженный
1073,г,морской черт
1074,г,морской язык
1075,г,морской язык филе
1076,г,мортаделла
1077,г,моцарелла
1078,г,моцарелла для запекания
1079,г,моцарелла для пиццы
1080,г,моцарелла мини
1081,г,моцарелла с травами
1082,г,моцарелла шарик большой
1083,г,мука
1084,г,мука 1 сорт
1085,г,мука 2 сорт
1086,г,мука «Аладушкин»
1087,г,мука грубого помола
1088,г,мука для темпуры
1089,ст. л.,мука из пророщенной пшеницы
1090,г,мука манитоба
1091,г,мука самоподнимающаяся
1092,ч. л.,мука с отрубями
1093,г,мука с семечками
1094,г,мука хлебопекарная
1095,г,мука цельнозерновая
1096,мл,мускат белый
1097,г,мускатное вино
1098,г,мускатный орех
1099,г,мускатный орех молотый
1100,г,мюсли
1101,г,мягкий творог
1102,г,мясной бульон
1103,г,мясной фарш
1104,г,мясо
1105,г,мясо дикого кабана
1106,г,мясо криля
1107,кг,мясо на косточке
1108,г,мята
1109,г,мята сушеная
1110,г,мятный сироп
1111,г,мятный шнапс
1112,г,нардек
1113,шт.,нектарины
1114,г,нога ягненка без кости
1115,г,нори
1116,г,нуга
1117,г,нуга с орехами
1118,г,нут
1119,г,нутелла
1120,г,нут консервированный
1121,г,нутовая мука
1122,г,облепиха
1123,г,облепиха замороженная
1124,стакан,облепиховый сироп
1125,г,овощи
1126,г,овощная смесь
1127,г,овощная смесь замороженная
1128,г,овощная смесь замороженная для wok
1129,г,овощная смесь по-китайски
1130,по вкусу,овощной бульон
1131,г,овсяная мука
1132,стакан,овсяное молоко
1133,г,овсяное печенье
1134,г,овсяное толокно
1135,г,овсяные зерна
1136,г,овсяные отруби
1137,г,овсяные хлопья
1138,г,овсяные хлопья быстрого приготовления
1139,стакан,огуречный рассол
1140,г,огурцы
1141,шт.,огурцы консервированные
1142,шт.,огурцы малосольные
1143,банка,огурцы маринованные
1144,г,огурцы свежие
1145,г,огурцы соленые
1146,г,одуванчики
1147,г,окорок
1148,г,окорок варено-копченый
1149,г,окунь
1150,г,окунь красный филе
1151,г,окунь морской
1152,г,окунь морской филе
1153,г,окунь филе
1154,г,оленина
1155,г,оливки
1156,г,оливки без косточек
1157,по вкусу,оливки зеленые
1158,банка,оливки зеленые консервированные
1159,г,оливки каламата
1160,г,оливки консервированные
1161,г,"оливки, фаршированные анчоусами"
1162,по вкусу,оливки черные
1163,г,оливковая паста
1164,г,оливковое масло
1165,г,оливковое масло Extra Virgin
1166,г,опунция плоды
1167,по вкусу,опята
1168,г,опята замороженные
1169,г,опята маринованные
1170,г,орегано
1171,г,орегано свежий
1172,г,орегано сушеный
1173,г,орехи
1174,г,орехи бразильские
1175,г,орехи макадамия
1176,г,орехи пекан
1177,,орехи пекан засахаренные
1178,г,орехи пинии
1179,стакан,ореховая крошка
1180,шт.,ореховая паста
1181,ст. л.,ореховое масло
1182,мл,ореховый ликер
1183,ст. л.,ореховый соус
1184,г,осетр
1185,г,осетрина холодного копчения
1186,г,осьминог
1187,г,осьминоги консервированные
1188,г,осьминоги мини
1189,г,отруби
1190,г,ошеек
1191,г,пагр
1192,г,пажитник
1193,г,пажитник семена
1194,г,палтус
1195,г,пальмовое масло
1196,г,пангасиус
1197,шт.,панеттоне
1198,г,Панифарин
1199,г,панчетта
1200,г,папайя
1201,г,папайя консервированная в собственном соку
1202,г,папоротник
1203,упаковка,папоротник соленый
1204,г,паппарделле
1205,г,паприка
1206,ст. л.,паприка копченая
1207,ст. л.,паприка красная
1208,г,паприка красная молотая
1209,г,паприка острая копченая
1210,г,паприка сладкая
1211,г,паприка сладкая копченая
1212,ч. л.,паприка сладкая хлопьями
1213,г,пармезан
1214,г,паста
1215,г,паста веджимайт
1216,г,паста тахини
1217,ст. л.,паста хариса
1218,г,пастернак
1219,г,пастила
1220,г,пастила виноградная
1221,г,патиссоны
1222,г,патока
1223,г,патока крахмальная
1224,г,патока черная (меласса)
1225,г,пахта
1226,г,паштет
1227,г,пекарский порошок
1228,ч. л.,пекарский порошок
1229,г,пекорино
1230,г,пектин
1231,г,пеленгас
1232,г,пельмени
1233,г,пенне
1234,г,пенне ригате
1235,ч. л.,пеперончино
1236,щепотка,пеперончино молотый
1237,шт.,переводной лист для шоколада
1238,тушка,перепелки
1239,г,перец
1240,г,перец белый
1241,по вкусу,перец белый горошком
1242,г,перец белый молотый
1243,ч. л.,перец белый свежемолотый
1244,г,перец болгарский
1245,г,перец болгарский желтый
1246,г,перец болгарский зеленый
1247,г,перец болгарский красный
1248,г,перец горошком
1249,г,перец горошком смесь
1250,щепотка,перец душистый
1251,г,перец душистый горошком
1252,г,перец душистый молотый
1253,шт.,перец испанский острый
1254,г,перец кайенский
1255,г,перец кайенский красный
1256,щепотка,перец кайенский молотый
1257,г,перец красный
1258,г,перец красный горошком
1259,г,перец красный жгучий
1260,г,перец красный молотый
1261,г,перец красный острый
1262,по вкусу,перец красный острый молотый
1263,щепотка,перец красный хлопьями
1264,г,перец лимонный
1265,г,перец маринованный
1266,г,перец острый
1267,шт.,перец острый зеленый
1268,щепотка,перец острый молотый
1269,г,перец падрон
1270,г,перец пеперони
1271,шт.,перец пеперони красный
1272,г,перец розовый горошком
1273,г,перец свежемолотый смесь
1274,по вкусу,перец сенегальский
1275,г,перец сладкий
1276,г,перец сладкий желтый
1277,г,перец сладкий зеленый
1278,г,перец сладкий красный
1279,шт.,перец сладкий красный маринованный
1280,г,перец сладкий красный молотый
1281,г,перец сладкий оранжевый
1282,г,перец сладкий сушеный
1283,г,перец сычуаньский
1284,г,перец халапеньо
1285,шт.,перец халапеньо маринованный
1286,ст. л.,перец черный
1287,по вкусу,перец черный горошком
1288,г,перец черный молотый
1289,г,перец черный свежемолотый
1290,г,перец чили
1291,стручок,перец чили зеленый
1292,стручок,перец чили красный
1293,по вкусу,перец чили маринованный
1294,г,перец чили молотый
1295,ст. л.,перец чили сухой
1296,по вкусу,перец чили хлопьями
1297,г,перец ямайский
1298,г,перловая крупа
1299,г,перловая мука
1300,г,персики
1301,г,персики консервированные
1302,горсть,персики сушеные
1303,г,персиковое пюре
1304,г,персиковый джем
1305,ст. л.,персиковый мармелад
1306,мл,персиковый сироп
1307,г,персиковый сок
1308,ч. л.,перцовая паста
1309,г,петрушка
1310,г,петрушка зелень
1311,пучок,петрушка итальянская
1312,г,петрушка корень
1313,г,петрушка рубленая
1314,г,петрушка сушеная
1315,г,печень
1316,по вкусу,печенье
1317,г,печенье Oreo
1318,г,печенье Амаретти
1319,г,печенье бисквитное
1320,шт.,печенье галетное
1321,г,печенье «Дамские пальчики»
1322,г,печенье песочное
1323,г,печенье рассыпчатое
1324,г,печенье Савоярди
1325,г,печенье сахарное
1326,г,печенье сладкое
1327,г,печенье сухое
1328,г,печенье шоколадное
1329,г,печенье Юбилейное молочное
1330,г,пиво
1331,мл,пиво имбирное
1332,г,пиво нефильтрованное
1333,г,пиво светлое
1334,банка,пиво темное
1335,шт.,пикша
1336,по вкусу,питы
1337,г,повидло
1338,г,подсолнечное масло
1339,г,подсолнечные семечки
1340,г,полба
1341,г,полба недозрелая
1342,по вкусу,полента
1343,стакан,полента быстрого приготовления
1344,г,помело
1345,г,помидоры
1346,г,помидоры бурые
1347,по вкусу,помидоры вяленые
1348,г,помидоры вяленые в масле
1349,шт.,помидоры желтые
1350,кг,помидоры зеленые
1351,г,помидоры консервированные
1352,г,помидоры консервированные в собственном соку
1353,г,помидоры консервированные в собственном соку с базиликом
1354,г,помидоры протертые пассата
1355,шт.,помидоры соленые
1356,г,помидоры сушеные хлопьями
1357,г,помидоры черри
1358,г,помидоры черри желтые
1359,г,попкорн
1360,кг,поросенок
1361,г,портвейн
1362,г,портобелло
1363,г,портулак
1364,по вкусу,посыпка кондитерская
1365,г,почки
1366,г,приправа 4 перца
1367,ч. л.,приправа 5 специй (five spice)
1368,ст. л.,приправа для баранины
1369,г,приправа для картофеля
1370,г,приправа для курицы
1371,по вкусу,приправа для макарон
1372,по вкусу,приправа для маринования свинины
1373,по вкусу,приправа для морепродуктов
1374,г,приправа для мяса
1375,по вкусу,приправа для паэльи
1376,ч. л.,приправа для пиццы
1377,г,приправа для плова
1378,ст. л.,приправа для птицы
1379,г,приправа для рыбы
1380,по вкусу,приправа для салатов
1381,ч. л.,приправа заатар
1382,ст. л.,приправа креольская
1383,ч. л.,приправа с сушеными грибами
1384,г,приправы
1385,г,прованские травы
1386,г,проволоне
1387,мл,просекко
1388,г,простокваша
1389,г,протеин сывороточный
1390,г,прошутто
1391,г,пряники
1392,г,пряничные специи
1393,г,пряности
1394,г,псиллиум
1395,г,птитим
1396,г,пудинг
1397,г,пудинг ванильный
1398,упаковка,пудинг ванильный инстант
1399,г,пудинг карамельный
1400,г,пшеница
1401,г,пшеничная крупа
1402,г,пшеничная мука
1403,г,пшеничная мука цельнозерновая
1404,стакан,пшеничные зародыши
1405,г,пшеничные отруби
1406,г,пшеничные ростки
1407,г,пшеничные хлопья
1408,ст. л.,пшенные хлопья
1409,г,пшено
1410,г,пыльца цветочная
1411,по вкусу,пюре
1412,шт.,радиккио
1413,г,разрыхлитель
1414,шт.,раки
1415,г,раковые шейки
1416,г,раковые шейки в рассоле
1417,г,рамбутан
1418,г,рапаны
1419,по вкусу,рапсовое масло
1420,г,рассол
1421,ст. л.,рассол от каперсов
1422,ст. л.,рассол от оливок
1423,г,растительное масло
1424,г,растительное масло для жарки
1425,стакан,растительное масло нерафинированное
1426,г,растительное масло рафинированное
1427,стакан,растительное молоко
1428,г,ревень
1429,веточка,реган
1430,г,редис
1431,г,редька
1432,шт.,редька белая
1433,шт.,редька зеленая
1434,шт.,редька черная
1435,г,репа
1436,шт.,репа белая
1437,г,ржаная закваска
1438,г,ржаная закваска густая
1439,г,ржаная мука
1440,г,ржаные отруби
1441,г,ригатони
1442,г,рикотта
1443,г,рикотта твердая
1444,г,рис
1445,г,рис арборио
1446,г,рис басмати
1447,г,рис бурый
1448,г,рис бурый и дикий смесь
1449,г,рис вареный
1450,г,рис виола
1451,г,рис девзира
1452,г,рис дикий
1453,г,рис дикий и золотистый смесь
1454,г,рис длиннозерный
1455,г,рис длиннозерный золотистый
1456,г,рис для плова
1457,г,рис для пудинга
1458,г,рис для ризотто
1459,г,рис для суши
1460,г,рис жасминовый
1461,г,рис золотистый
1462,г,рис индика
1463,г,рис италика
1464,г,рис карнароли
1465,г,рис красный
1466,г,рис круглозерный
1467,г,рис кубанский
1468,г,рисовая бумага
1469,г,рисовая лапша
1470,г,рисовая мука
1471,ч. л.,рисовое вино
1472,г,рисовые хлопья
1473,г,рисовые шарики воздушные
1474,ст. л.,рисовый крахмал
1475,по вкусу,рисовый уксус
1476,г,рис пропаренный
1477,г,рис пропаренный и дикий смесь
1478,г,рис японика
1479,г,рожь
1480,шт.,розмарин
1481,по вкусу,розмарин сушеный
1482,г,розовая вода
1483,г,розовые бутоны сушеные
1484,г,розовые лепестки
1485,г,розы
1486,г,рокфор
1487,бутылка,ром
1488,г,ромашка сушеная
1489,ч. л.,ромовый экстракт
1490,г,ром темный
1491,г,ростбиф
1492,г,рукола
1493,по вкусу,рулька
1494,г,рыба
1495,г,рыба белая
1496,г,рыба белая филе
1497,банка,рыба консервированная
1498,г,рыба копченая
1499,г,рыба копченая филе
1500,г,рыба красная
1501,г,рыба красная соленая
1502,г,рыба красная филе
1503,г,рыба-меч
1504,г,рыба морская
1505,шт.,рыба солнечник филе
1506,тушка,рыба-соль
1507,г,рыбное филе
1508,г,рыбные консервы
1509,г,рыбные кости
1510,по вкусу,"рыбные обрезки, головы, плавники"
1511,г,рыбный бульон
1512,г,рыбный соус
1513,г,рыбный соус Nam Pla
1514,г,рыбный соус тайский
1515,г,рыбный фарш
1516,г,рябина черноплодная
1517,г,рябчик
1518,г,ряженка
1519,г,ряженка 4%
1520,г,сайда
1521,г,сайда филе
1522,г,сайра
1523,банка,сайра консервированная
1524,ст. л.,саке
1525,г,салака
1526,г,салат
1527,г,салат айсберг
1528,г,салат китайский
1529,пучок,салат корн
1530,г,салат кочанный
1531,г,салат кучерявый
1532,г,салат листовой
1533,г,салатный микс
1534,г,салат романо
1535,г,салат фриссе
1536,г,сало
1537,г,сало копченое в перце
1538,г,сало копченое с мясными прослойками
1539,г,сало с мясными прослойками
1540,г,сальник
1541,г,сальса
1542,ч. л.,сальса верде
1543,г,салями
1544,г,салями итальянская
1545,г,сардельки
1546,г,сардельки копченые
1547,шт.,сардинки маленькие
1548,г,сардины
1549,банка,сардины в масле
1550,г,сахар
1551,г,сахар ванильный
1552,г,сахар демерара
1553,г,сахар жемчужный
1554,г,сахар коричневый
1555,г,сахар коричневый крупнокристаллический
1556,горсть,сахар мусковадо
1557,г,сахарная пудра
1558,г,сахарная пудра апельсиновая
1559,г,сахарная пудра ванильная
1560,г,сахарные жемчужинки
1561,горсть,сахарные кондитерские украшения
1562,г,сахарный песок
1563,г,сахарный песок крупный
1564,г,сахарный песок мелкий
1565,г,сахарный сироп
1566,г,сахар пальмовый
1567,г,сахар-рафинад
1568,г,сахар-рафинад с корицей
1569,г,сахар тростниковый
1570,г,сванская соль
1571,г,свекла
1572,г,свекла вареная
1573,г,свекольная ботва
1574,г,свекольные листья
1575,г,свиная вырезка
1576,г,свиная голова
1577,г,свиная грудинка
1578,г,свиная корейка
1579,г,свиная корейка копченая
1580,г,свиная корейка на кости
1581,г,свиная лопатка варено-копченая
1582,г,свиная мякоть
1583,кг,свиная пашина
1584,г,свиная печень
1585,по вкусу,свиная рулька
1586,г,свиная рулька варено-копченая
1587,г,свиная рулька копченая
1588,кусок,свиная шейка
1589,г,свинина
1590,г,свинина вареная
1591,г,свинина нежирная
1592,г,свинина с жирком
1593,г,свиное сердце
1594,г,свиное филе
1595,г,свиной подчеревок
1596,г,свиной фарш
1597,г,свиной язык
1598,шт.,свиные котлеты на косточке
1599,г,свиные легкие
1600,г,свиные ножки
1601,г,свиные отбивные
1602,г,свиные отбивные на косточке
1603,г,свиные ребра
1604,шт.,свиные уши
1605,шт.,свиные щечки
1606,г,свити
1607,г,сельдерей
1608,г,сельдерей зелень
1609,г,сельдерей корень
1610,по вкусу,сельдерей корень сушеный
1611,г,сельдерейная соль
1612,ч. л.,сельдерей семена
1613,г,сельдерей стебли
1614,г,сельдь
1615,г,сельдь слабосоленая
1616,шт.,сельдь соленая
1617,г,сельдь филе
1618,г,семга
1619,г,семга копченая
1620,г,семга свежая
1621,г,семга соленая
1622,г,семга филе на коже
1623,г,семечки
1624,ст. л.,семечки смесь
1625,г,семолина
1626,г,сервелат варено-копченый
1627,г,сибас
1628,г,сидр
1629,г,сироп
1630,г,сироп от консервированных груш
1631,ст. л.,сироп от консервированных персиков
1632,стакан,сироп топинамбура
1633,по вкусу,скумбрия
1634,г,скумбрия свежая
1635,г,скумбрия филе
1636,г,скумбрия холодного копчения
1637,упаковка,сливки
1638,г,сливки 10-20%
1639,г,сливки 15%
1640,г,сливки 20%
1641,г,сливки 33-35%
1642,г,сливки жирные
1643,г,сливки кондитерские
1644,г,сливовая паста
1645,г,сливовое варенье
1646,г,сливовое вино
1647,г,сливовый джем
1648,ст. л.,сливовый ликер
1649,г,сливовый соус
1650,г,сливочное масло
1651,кг,сливы
1652,г,сливы замороженные
1653,г,смалец
1654,шт.,смесь для кекса
1655,г,смесь для оладий
1656,г,смесь для хлеба 8 злаков
1657,г,сметана
1658,г,сметана 10%
1659,ч. л.,сметана 15%
1660,г,сметана 18%
1661,г,сметана 20%
1662,г,сметана 25%
1663,г,сметана 30%
1664,г,сметана 35%
1665,г,сметана жирная
1666,г,сметана нежирная
1667,г,сметана некислая
1668,г,смородина сушеная
1669,г,смородиновые листья
1670,г,сморчки сухие
1671,л,снежок
1672,г,сныть
1673,г,сода
1674,г,соевая мука
1675,г,соевое масло
1676,г,соевое молоко
1677,г,соевые ростки
1678,г,соевый соус
1679,г,сок
1680,мл,сок из красных апельсинов
1681,мл,сок мультивитаминный
1682,мл,сок юзу
1683,ч. л.,солод
1684,г,солод жидкий
1685,г,солодовый экстракт
1686,г,солод темный
1687,г,соломка
1688,г,соль
1689,г,соль гималайская
1690,г,соль крупного помола
1691,г,соль морская
1692,г,сом филе
1693,г,сосиски
1694,шт.,сосиски из куриного фарша
1695,г,сосиски копченые
1696,г,соус
1697,ст. л.,соус black bean
1698,ч. л.,соус sambal oelek
1699,г,соус барбекю
1700,г,соус краснодарский
1701,г,соус красный острый
1702,по вкусу,соус мирин
1703,г,соус наршараб
1704,г,соус острый
1705,по вкусу,соус песто
1706,г,соус сацебели
1707,капля,соус табаско
1708,г,соус терияки
1709,стакан,соус ткемали
1710,г,соус ткемали благородный
1711,ст. л.,соус ткемали ранний
1712,ч. л.,соус устричный
1713,г,соус чили
1714,ч. л.,соус чили сладкий
1715,г,соус экзотический
1716,г,соя
1717,г,спагетти
1718,г,спагетти № 3
1719,г,спагетти № 5
1720,г,спагетти лунги
1721,кг,спаржа
1722,г,спаржа белая
1723,г,спаржа зеленая
1724,г,спаржа молодая
1725,г,спек
1726,стакан,спельта
1727,г,спельтовая (полбяная) мука
1728,г,специи
1729,г,спирт
1730,г,спирулина порошок
1731,г,спред
1732,г,ставрида
1733,шт.,стейк семги
1734,г,стейк семги
1735,г,стеклянная лапша
1736,г,страчателла
1737,г,судак
1738,г,судак филе
1739,г,судак филе на коже
1740,г,сулугуни
1741,г,сулугуни копченый
1742,г,сумах
1743,г,суповой набор
1744,по вкусу,сухари
1745,г,сухари белые
1746,г,сухари молотые
1747,г,сухари панировочные
1748,г,сухари ржаные
1749,г,сухарная крошка
1750,г,сухофрукты
1751,по вкусу,сухофрукты тропические
1752,г,сушки
1753,г,сыворотка
1754,г,сыр
1755,г,сыр tete de moine
1756,г,сыр Австрия блю
1757,г,сыр адыгейский
1758,г,сыр бри
1759,г,сыр буко
1760,г,сыр гауда
1761,г,сыр гойя
1762,г,сыр голландский
1763,г,сыр голубой
1764,г,сыр гравьера
1765,г,сыр джугас
1766,г,сыр домашний
1767,г,сыр дорблю
1768,г,сыр имеретинский
1769,г,сыр кефалотири
1770,г,сырки творожные
1771,г,сыр козий мягкий
1772,г,сыр козий твердый
1773,г,сыр колбасный
1774,г,сыр копченый
1775,г,сыр коттедж
1776,г,сыр Маскарпоне
1777,г,сыр мраморный
1778,по вкусу,сыр мягкий
1779,г,сыр овечий
1780,г,сыр панир
1781,г,сыр пеше миньон
1782,г,сыр плавленый
1783,г,сыр плавленый шоколадный
1784,г,сыр пластинками
1785,г,сыр полутвердый
1786,г,сыр провола
1787,г,сыр российский
1788,г,сыр скаморца
1789,г,сыр скаморца копченый
1790,г,сыр сливочный
1791,г,сыр с плесенью
1792,г,сыр с плесенью мягкий
1793,г,сыр твердый
1794,г,сыр филадельфия
1795,г,сыр фонтина
1796,г,сыр хаварти
1797,г,сыр швейцарский
1798,ч. л.,сычужный фермент
1799,г,таледжо
1800,г,тальолини
1801,г,тальятелле
1802,шт.,тальятелле-гнезда
1803,шт.,тамаринд
1804,ч. л.,тамариндовая паста
1805,г,тапиока
1806,по вкусу,тарталетки
1807,ст. л.,тартар
1808,г,тархун
1809,г,творог
1810,г,творог 18%
1811,г,творог 2%
1812,г,творог 5%
1813,г,творог 9%
1814,г,творог жирный
1815,г,творог зерненый
1816,г,творог обезжиренный
1817,г,творожная масса
1818,г,творожная паста
1819,г,творожный сыр
1820,г,творожный сыр соленый
1821,г,творожок клубничный
1822,стакан,текила
1823,по вкусу,телятина
1824,г,телятина вареная
1825,г,телячий фарш
1826,шт.,телячьи отбивные на косточке
1827,шт.,телячьи шницели
1828,г,телячьи эскалопы
1829,г,телячья вырезка
1830,г,телячья печень
1831,шт.,телячья щека
1832,г,тесто бездрожжевое
1833,г,тесто готовое
1834,г,тесто для вонтонов
1835,шт.,тесто для пиццы
1836,по вкусу,тесто дрожжевое
1837,г,тесто катаифи
1838,г,тесто макаронное
1839,г,тесто макаронное для лазаньи
1840,г,тесто пельменное
1841,по вкусу,тесто песочное
1842,г,тесто пресное
1843,г,тесто пряничное
1844,г,тесто слоеное
1845,по вкусу,тесто слоеное бездрожжевое
1846,кг,тесто слоеное дрожжевое
1847,г,тесто фило
1848,г,тилапия
1849,г,тилапия филе
1850,г,тильзитер
1851,горсть,тимьян
1852,веточка,тимьян лимонный
1853,по вкусу,тимьян свежий
1854,г,тимьян сушеный
1855,г,ткемали
1856,г,тмин
1857,г,тмин молотый
1858,г,томатная паста
1859,г,томатное пюре
1860,г,томатный концентрат
1861,г,томатный порошок
1862,г,томатный сок
1863,г,томатный соус
1864,г,томатный соус итальянский
1865,г,томатный соус острый
1866,г,томатный соус с базиликом
1867,бутылка,тоник
1868,г,топинамбур
1869,г,топленое масло
1870,по вкусу,тортильи
1871,г,тортильони
1872,г,тофу
1873,г,травы ароматные
1874,ч. л.,травы пряные с перцем
1875,г,травы сухие
1876,г,треска
1877,г,треска печень
1878,г,треска филе
1879,г,трюфель
1880,г,трюфельная крошка
1881,ст. л.,трюфельное масло
1882,шт.,трюфель черный
1883,по вкусу,тунец
1884,г,тунец консервированный
1885,г,тунец филе
1886,г,тушенка
1887,г,тыква
1888,шт.,тыквенное масло
1889,г,тыквенное пюре
1890,г,тыквенные семечки
1891,г,тюлька свежая
1892,г,угорь
1893,г,угорь копченый
1894,г,угурт
1895,г,укроп
1896,ч. л.,укропное семя
1897,г,укроп свежий
1898,г,укроп сушеный
1899,г,уксус
1900,г,уксус 9%
1901,ст. л.,уксус из сидра
1902,г,уксусная эссенция
1903,г,уксус столовый
1904,г,улитки
1905,шт.,улитки виноградные
1906,г,урюк
1907,г,устрицы
1908,г,утиная грудка
1909,г,утиная печень
1910,г,утиное филе
1911,г,утиные бедрышки
1912,по вкусу,утиные ножки
1913,по вкусу,утка
1914,г,утка печеная
1915,тушка,утка тушка
1916,г,уцхо-сунели
1917,г,фазан
1918,г,фарш (баранина и говядина)
1919,г,фарш (свинина и курица)
1920,г,фасоль
1921,г,фасоль белая
1922,г,фасоль белая консервированная
1923,г,фасоль белая лима
1924,г,фасоль зеленая стручковая
1925,горсть,фасоль кенийская
1926,г,фасоль кидни красная
1927,г,фасоль консервированная
1928,г,фасоль красная
1929,стакан,фасоль красная вареная
1930,г,фасоль красная консервированная
1931,г,фасоль молодая замороженная
1932,г,фасоль пинто
1933,г,фасоль спаржевая вареная
1934,г,фасоль стручковая
1935,г,фасоль стручковая замороженная
1936,г,фасоль стручковая консервированная
1937,г,фасоль черный глаз
1938,г,фейхоа
1939,г,фенхель
1940,г,фенхель семена
1941,г,фенхель семена молотые
1942,г,фестонате
1943,г,фета
1944,г,фетаки
1945,г,фетакса
1946,г,феттучине
1947,шт.,фиалки засахаренные
1948,г,фиалковый сироп
1949,по вкусу,физалис
1950,шт.,филе красного окуня
1951,г,филе лосося
1952,шт.,филе палтуса
1953,г,финики
1954,стакан,финики без косточек
1955,г,финики иранские
1956,шт.,финики иранские без косточек
1957,г,фисташки
1958,г,фисташки очищенные
1959,горсть,фисташки очищенные несоленые
1960,г,фисташки рубленые
1961,г,фисташковая мука
1962,г,фисташковая паста
1963,г,фисташковое масло
1964,по вкусу,фокачча
1965,г,форель
1966,г,форель вареная
1967,г,форель горячего копчения
1968,шт.,форель озерная свежая
1969,г,форель слабосоленая
1970,г,форель слабосоленая
1971,шт.,форель стейки
1972,г,форель филе
1973,г,форель холодного копчения
1974,г,фрикадельки
1975,шт.,фрукт дракона
1976,г,фруктовый сироп
1977,г,фруктовый сок
1978,стакан,фруктовый сок без сахара
1979,г,фруктоза
1980,г,фрукты
1981,г,фрукты консервированные
1982,г,фундук
1983,г,фундучная мука
1984,г,фунчоза
1985,г,халва
1986,г,халва ванильная
1987,г,халва подсолнечная
1988,г,халуми
1989,г,хамон
1990,г,хек
1991,г,хек филе
1992,стакан,херес
1993,ч. л.,хересный уксус
1994,г,хлеб
1995,батон,хлеб 7 злаков
1996,г,хлеб белый
1997,г,хлеб белый сухой
1998,кусок,хлеб бородинский
1999,г,хлеб датский ржаной
2000,г,хлеб для сэндвичей
2001,г,хлебная крошка
2002,г,хлеб ржаной
2003,г,хлеб серый
2004,кусок,хлеб с кунжутом
2005,г,хлеб цельнозерновой
2006,г,хлебцы пшенично-ржаные цельнозерновые
2007,г,хлопья 4 злака
2008,г,хлопья 5 злаков
2009,ст. л.,хлопья 7 злаков
2010,стакан,хлопья быстрого приготовления
2011,г,хлорид кальция
2012,г,хмели-сунели
2013,ст. л.,хмель
2014,г,хрен
2015,г,хрен протертый
2016,г,хрен со сливками
2017,г,хурма
2018,г,хурма спелая
2019,г,цесарка тушка
2020,ч. л.,цикорий
2021,горсть,цитроновые цукаты
2022,шт.,цитрусовые цукаты
2023,мл,цитрусовый свежевыжатый сок
2024,г,цукаты
2025,г,цукини
2026,шт.,цукини цветы
2027,г,цыплята
2028,шт.,цыплята-корнишоны
2029,г,чабер
2030,г,чабрец
2031,г,чабрец сушеный
2032,пакетик,чай дарджилинг
2033,ст. л.,чай жасминовый
2034,пакетик,чай зеленый
2035,г,чай копченый лапсанг сушонг
2036,г,чай красный
2037,ст. л.,чай ройбуш
2038,г,чай черный
2039,ч. л.,чай черный крупнолистовой
2040,пакет,чай черный со специями
2041,стакан,чай эрл грей
2042,г,чатни манго
2043,г,чеддер
2044,г,черемуха
2045,г,черемуховая мука
2046,г,черемша
2047,г,черешневый джем
2048,г,черешня
2049,ст. л.,черешня консервированная без косточек
2050,г,черная смородина
2051,г,черника
2052,г,черника замороженная
2053,г,чернила каракатицы
2054,стакан,черничный джем
2055,г,чернослив
2056,г,чернослив без косточек
2057,г,чернослив вяленый
2058,г,чернослив копченый без косточек
2059,г,черносмородиновое варенье
2060,г,черносмородиновый джем
2061,г,чеснок
2062,г,чеснок молодой
2063,г,чеснок сушеный
2064,щепотка,чесночная соль
2065,по вкусу,чесночное масло
2066,г,чесночный порошок
2067,г,чечевица
2068,ст. л.,чечевица вареная
2069,г,чечевица зеленая
2070,г,чечевица красная
2071,г,чечил спагетти
2072,кусок,чиабатта
2073,г,чиа семена
2074,щепотка,чипотле молотый
2075,г,чипсы
2076,г,чоризо
2077,г,шалфей
2078,пучок,шалфей свежий
2079,лист,шалфей сушеный
2080,г,шампанское
2081,стакан,шампанское советское
2082,ст. л.,шампанское сухое
2083,по вкусу,шампиньоны
2084,г,шампиньоны замороженные
2085,г,шампиньоны консервированные
2086,г,шампиньоны маринованные
2087,г,шампиньоны свежие
2088,г,шафран
2089,г,шафран имеретинский
2090,ч. л.,шафран молотый
2091,шт.,шафран нити
2092,г,шелковица
2093,г,шелковица сушеная
2094,г,шиповник
2095,г,шиповниковый сироп
2096,г,шнапс
2097,стебель,шнитт-лук
2098,г,шоколад
2099,г,шоколад белый
2100,г,шоколад горький с апельсиновой цедрой
2101,г,шоколад молочный
2102,г,шоколад мятный
2103,г,шоколадная паста
2104,г,шоколадная стружка
2105,г,шоколадное масло
2106,г,шоколадно-ореховая паста
2107,г,шоколадные горошины
2108,г,шоколадные капли
2109,г,шоколадные капли белые
2110,г,шоколадные конфеты
2111,г,шоколадные хлопья
2112,горсть,шоколадные шарики из готовых завтраков
2113,г,шоколадный ликер
2114,г,шоколадный сироп
2115,г,шоколадный соус
2116,г,шоколад полусладкий
2117,г,шоколад с орехами
2118,г,шоколад черный горький
2119,г,шоколад черный горький 70%
2120,ч. л.,шоколад черный горький 75%
2121,г,шоколад черный горький 85%
2122,стакан,шортенинг
2123,шт.,шпик
2124,г,шпик копченый
2125,г,шпинат
2126,г,шпинат замороженный
2127,г,шпинат молодой
2128,г,шпинат свежий
2129,г,шпроты
2130,г,шпроты в масле
2131,г,шрот
2132,г,щавель замороженный
2133,веточка,щавель свежий
2134,г,щука
2135,г,щука филе
2136,стакан,эгг-ног
2137,г,эдам
2138,мл,эль
2139,г,эмменталь
2140,г,эскалоп
2141,г,эстрагон
2142,веточка,эстрагон сушеный
2143,г,яблоки
2144,кг,яблоки антоновка
2145,г,яблоки гала
2146,г,яблоки голден
2147,кг,яблоки гренни смит
2148,г,яблоки зеленые
2149,шт.,яблоки красные
2150,шт.,яблоки моченые
2151,г,яблоки нетвердых сортов
2152,г,яблоки сладкие
2153,г,яблоки сушеные
2154,ч. л.,яблочная эссенция
2155,г,яблочное варенье
2156,г,яблочное повидло
2157,г,яблочное пюре
2158,стакан,яблочные чипсы
2159,г,яблочный джем
2160,ст. л.,яблочный сироп
2161,г,яблочный сок
2162,ст. л.,яблочный соус
2163,г,яблочный уксус
2164,г,ягнятина
2165,г,ягнятина кострец
2166,г,ягнятина фарш
2167,шт.,ягнячьи отбивные на косточке
2168,г,ягнячья голень нарубленная
2169,г,ягнячья корейка
2170,ст. л.,ягодное варенье
2171,г,ягодное желе
2172,г,ягодный сироп
2173,г,ягодный сок
2174,г,ягодный соус кислый
2175,г,ягоды
2176,по вкусу,ягоды вяленые
2177,г,ягоды замороженные
2178,г,ягоды лесные
2179,г,ягоды лесные замороженные
2180,г,яичные белки
2181,г,яичные желтки
2182,шт.,яичные желтки вареные
2183,г,яичные желтки крупные
2184,г,яичный меланж
2185,ст. л.,яичный порошок
2186,г,яйца куриные
2187,г,яйца куриные крупные
2188,г,яйца перепелиные
2189,г,японская крошка панко
2190,г,ячменные хлопья
2191,г,ячмень
2192,г,ячневая крупа